Price,Close,Close,Close,High,High,High,Low,Low,Low,Open,Open,Open,Volume,Volume,Volume
Ticker,AAPL,AMZN,GOOGL,AAPL,AMZN,GOOGL,AAPL,AMZN,GOOGL,AAPL,AMZN,GOOGL,AAPL,AMZN,GOOGL
Date,,,,,,,,,,,,,,,
2024-01-02,183.56216430664062,149.92999267578125,136.95558166503906,186.3308274284663,152.3800048828125,138.2243301608941,181.83175174149957,148.38999938964844,135.28043314911363,185.05525771688224,151.5399932861328,137.3322465738531,82488700,47339400,23711200
2024-01-03,182.187744140625,148.47000122070312,137.69900512695312,183.79950485996184,151.0500030517578,138.40277146312937,181.37691491631995,148.3300018310547,135.87518085036012,182.15808112880916,149.1999969482422,136.04368487458785,58414500,49425500,24212100
2024-01-04,179.8739471435547,144.57000732421875,135.1912384033203,181.04073256447913,147.3800048828125,137.93689651353586,178.85547678867908,144.0500030517578,135.15159662676552,180.1112512492328,145.58999633789062,137.20339508752366,71983600,56039800,27137700
2024-01-05,179.15211486816406,145.24000549316406,134.53701782226562,180.71443234786256,146.58999633789062,135.9544569222083,178.1534248404595,144.52999877929688,133.9621138280285,179.95306152436652,144.69000244140625,135.54805692417742,62379700,45153100,22513900
2024-01-08,183.48304748535156,149.10000610351562,137.61968994140625,183.52260821958473,149.39999389648438,137.78819394542484,179.46849297664804,146.14999389648438,135.06236452075504,180.05188555859277,146.74000549316406,135.09209963177744,59144500,46757100,21404000
2024-01-09,183.06777954101562,151.3699951171875,139.71115112304688,183.07766218215258,151.7100067138672,140.24641339378692,180.68475037086026,148.2100067138672,136.9357580192586,181.86143345023166,148.3300018310547,137.2826878289855,42841800,43812600,24759600
2024-01-10,184.1060333251953,153.72999572753906,141.0294647216797,184.31367440860302,154.4199981689453,141.74313767378752,181.8614365329183,151.8800048828125,139.67151083001588,182.2866315170422,152.05999755859375,139.7607161678604,46792900,44421800,21320200
2024-01-11,183.5127410888672,155.17999267578125,140.8312225341797,184.9564063690912,157.1699981689453,143.9436236258308,181.5647895230864,153.1199951171875,139.40387666099627,184.4521049955326,155.0399932861328,142.2288332953947,49128400,49072700,24008700
2024-01-12,183.83905029296875,154.6199951171875,141.39622497558594,184.64987951630312,156.1999969482422,141.94139398064064,183.11722519297732,154.00999450683594,140.57353326075875,183.97748271061099,155.38999938964844,141.41605342795455,40477800,40484200,18785500
2024-01-16,181.57467651367188,153.16000366210938,141.23764038085938,182.19761480887055,154.99000549316406,143.08129317884888,178.90488492167398,152.14999389648438,140.20677262032902,180.1211286782067,153.52999877929688,140.7519416163136,65603000,41384600,22670500
2024-01-17,180.6352996826172,151.7100067138672,140.2265625,180.88250149305736,152.14999389648438,140.59330557611017,178.2819487070673,149.91000366210938,137.67914403979375,179.24109293861534,151.49000549316406,140.10762206983958,47317400,34953400,20968600
2024-01-18,186.5187225341797,153.5,142.21890258789062,187.02300881659582,153.77999877929688,142.94249726620274,183.75005912545993,151.82000732421875,140.7420083705122,184.0071435872404,152.77000427246094,140.80147859071877,78005800,37850200,25746400
2024-01-19,189.41595458984375,155.33999633789062,145.0934295654297,189.80158889565502,155.75999450683594,145.16280645077472,186.70663180624828,152.74000549316406,143.11100813182492,187.21091817907703,153.8300018310547,143.4678445948608,68903000,51651600,34271900
2024-01-22,191.7198486328125,154.77999877929688,144.7068634033203,193.14373357255337,157.0500030517578,147.0857631627537,190.10808789018887,153.89999389648438,144.55817271543333,190.14764863184953,156.88999938964844,145.80710794511032,60133900,43687500,32200400
2024-01-23,192.9954071044922,156.02000427246094,145.74761962890625,193.55903452389106,156.2100067138672,145.88638852663772,191.66052626402544,153.92999267578125,144.22116175386006,192.83720939883855,154.85000610351562,144.60773333501743,42355600,37986000,21636100
2024-01-24,192.32301330566406,156.8699951171875,147.3930206298828,194.18197579456825,158.50999450683594,148.53292195218594,192.16480052192722,156.47999572753906,146.79830331468807,193.23271418014866,157.8000030517578,147.2344232959612,53631300,48547300,25233500
2024-01-25,191.99671936035156,157.75,150.53515625,194.07322080915367,158.50999450683594,151.7047926793007,190.94858599423335,154.5500030517578,148.22563362553456,193.03497008475262,156.9499969482422,148.7509891835985,54822100,43638600,29149100
2024-01-26,190.2662811279297,159.1199951171875,150.85235595703125,192.5800863732271,160.72000122070312,151.19927062056652,189.7916578927919,157.91000366210938,149.68271948865382,192.09558049769083,158.4199981689453,149.77193994469403,44594000,51047400,26115500
2024-01-29,189.58401489257812,161.25999450683594,152.16075134277344,190.04875551955823,161.2899932861328,152.42838247060587,187.4580852833725,158.89999389648438,150.0990312415879,189.86087972294905,159.33999633789062,150.7234988316385,47145600,45270400,27784300
2024-01-30,185.93533325195312,159.0,150.1287841796875,189.65325866018404,161.72999572753906,152.26978786685433,185.37172089064353,158.49000549316406,149.86115304703833,188.80288370915284,160.6999969482422,151.4570029311418,55859400,45207400,36331800
2024-01-31,182.33607482910156,155.1999969482422,138.86863708496094,185.00586682539145,159.00999450683594,142.73435309816574,182.28664653050623,154.80999755859375,138.6406477145511,184.94652570867123,157.0,142.35768815981584,55467800,50284400,71910000
2024-02-01,184.76852416992188,159.27999877929688,139.9193115234375,184.857513201702,159.75999450683594,141.80260587734793,181.7625567551165,155.6199951171875,139.5525532652903,181.93065217781273,155.8699951171875,140.87086536289783,64885400,76542400,40466500
2024-02-02,183.7698211669922,171.80999755859375,141.12857055664062,185.2332515745558,172.5,141.36645142167342,177.24368771791086,167.3300018310547,135.30024736856095,177.84686070362292,169.19000244140625,138.03598318915266,102551700,117218300,62499600
2024-02-05,185.57936096191406,170.30999755859375,142.4171600341797,187.13179578344227,170.5500030517578,144.1914358303926,183.75995901240586,167.6999969482422,141.5250763668689,186.04410163536497,170.1999969482422,141.56473326856243,69668800,55081300,38505400
2024-02-06,187.18121337890625,169.14999389648438,142.83346557617188,187.19109601961685,170.7100067138672,144.08238559279584,184.67953227102765,167.64999389648438,141.93146022405054,184.76852130142626,169.38999938964844,143.37861935248668,43490800,42505500,29128200
2024-02-07,187.28997802734375,170.52999877929688,144.2607879638672,188.91162125480523,170.8800048828125,144.3400866289689,186.49892923853312,168.94000244140625,142.66493824979582,188.5062066759397,169.47999572753906,143.4876448849679,53439000,47174100,25208900
2024-02-08,186.2122039794922,169.83999633789062,144.62754821777344,187.418535043408,171.42999267578125,145.0438548719161,185.2530596605407,168.8800048828125,143.8246700187359,187.27021997882892,169.64999389648438,144.54824955155473,40962000,42316500,22563800
2024-02-09,186.9745330810547,174.4499969482422,147.69039916992188,188.10321111496148,175.0,148.12653431225093,186.13296840440984,170.5800018310547,144.89517764390865,186.77650719907678,170.89999389648438,145.3907830102507,45155200,56986000,26829500
2024-02-12,185.29144287109375,172.33999633789062,146.23333740234375,186.79635226997033,175.38999938964844,148.02742664435084,184.93501735839288,171.5399932861328,146.07474003434774,186.54883497246297,174.8000030517578,147.11551446539002,41781900,51050400,21564100
2024-02-13,183.20236206054688,168.63999938964844,143.8643341064453,184.360756090923,170.9499969482422,145.38088541203197,181.68755769129083,165.75,142.42708147937856,183.92512331150874,167.72999572753906,143.64626652168468,56529500,56345100,27837700
2024-02-14,182.3212127685547,170.97999572753906,144.6572723388672,183.6875129162611,171.2100067138672,145.2321762817776,180.62820312290157,168.27999877929688,142.82352674295169,183.4796068721132,169.2100067138672,144.79604121304055,54630500,42815500,22704200
2024-02-15,182.03408813476562,169.8000030517578,141.51516723632812,182.65783644316613,171.1699981689453,142.25857532101722,179.5490203671251,167.58999633789062,139.22547275543386,181.72716915991907,170.5800018310547,141.88191038487835,65434500,49855200,37590700
2024-02-16,180.49948120117188,169.50999450683594,139.28492736816406,183.0142649801448,170.4199981689453,141.9314580380152,179.86583763061847,167.1699981689453,138.90826247425002,181.59845842120637,168.74000549316406,141.7332189292563,49752500,48107700,31468900
2024-02-20,179.7569122314453,167.0800018310547,139.87965393066406,180.61826736487214,168.7100067138672,140.83122289008293,178.21240712023044,165.74000549316406,138.26399071915645,179.984623854957,167.8300018310547,138.43249472896153,53665600,41980300,25144700
2024-02-21,180.50938415527344,168.58999633789062,141.2970733642578,181.0737156195715,170.22999572753906,141.43584224259257,178.8658660184515,167.13999938964844,139.44349926654036,180.13315310757224,168.94000244140625,140.20673565971813,41371400,44420100,23223300
2024-02-22,182.5390167236328,174.5800018310547,142.82354736328125,183.12316891523534,174.8000030517578,143.7255527379726,180.6479964148563,171.77000427246094,141.5448922041246,181.65785591778803,173.10000610351562,143.65616072853092,52292200,55392400,27191900
2024-02-23,180.70738220214844,174.99000549316406,142.69471740722656,183.20234498529103,175.75,143.40837528845117,180.42025375736245,173.6999969482422,142.16936175385501,183.17264412648595,174.27999877929688,142.40725779738116,45119700,59715200,19493800
2024-02-26,179.36090087890625,174.72999572753906,136.36087036132812,180.94500218994074,176.3699951171875,141.18806188186093,178.8559560281093,174.25999450683594,136.18244456120365,180.43017719516277,175.6999969482422,140.89069563143732,40867400,44368600,53641800
2024-02-27,180.81631469726562,173.5399932861328,137.6593475341797,182.09349711935678,174.6199951171875,138.02609065509074,177.77679547469845,172.86000061035156,135.8850719026194,179.30151026553332,174.0800018310547,136.8069057229925,54318900,31141700,33099200
2024-02-28,179.6183319091797,173.16000366210938,135.1813201904297,181.30144633523983,174.0500030517578,136.796983347661,178.34114943443706,172.27000427246094,134.21984460085443,180.69750358801915,172.44000244140625,136.68794956560583,48953900,28180500,37328600
2024-02-29,178.95497131347656,176.75999450683594,137.24305725097656,180.75690414056305,177.22000122070312,137.6395355304316,177.74708592784262,172.85000610351562,135.20115025022022,179.46981142225187,173.00999450683594,136.07342061463353,136682600,53805400,42133000
2024-03-01,177.87579345703125,178.22000122070312,135.93463134765625,178.73714862022334,178.72999572753906,137.6494215802847,175.6184374307493,176.07000732421875,135.71656378920932,177.76688526684862,176.75,137.21328646339086,73563100,31981200,31151100
2024-03-04,173.36109924316406,177.5800018310547,132.17794799804688,175.14321147352493,180.13999938964844,134.46764221027212,172.06409607852763,177.49000549316406,130.75060222297805,174.4006596751229,177.52999877929688,134.46764221027212,81510100,37381500,55999400
2024-03-05,168.43052673339844,174.1199951171875,131.50392150878906,170.3314573247722,176.92999267578125,132.06891886657937,167.9354922531265,173.3000030517578,129.5215001124862,169.06417026385637,176.92999267578125,130.72087171210643,95132400,37228300,40194800
2024-03-06,167.44046020507812,173.50999450683594,130.24508666992188,169.53941670485264,176.4600067138672,132.4059339725702,167.00482743895031,173.25999450683594,129.6999328564518,169.36119643359416,175.5399932861328,131.94997037211849,68587700,32090900,35318600
2024-03-07,167.32167053222656,176.82000732421875,133.1988983154297,169.0344857697736,177.99000549316406,133.75397388585452,166.81674075207243,173.72000122070312,130.45324044956945,167.47017484778516,174.8300018310547,131.62286181229678,71765100,34063300,37738200
2024-03-08,169.0344696044922,175.35000610351562,134.2198486328125,171.97497562938204,178.7899932861328,136.87628613042892,167.26225281020422,174.3300018310547,132.82223787303235,167.32165453074688,176.44000244140625,133.03039878127268,76267000,37893200,39370400
2024-03-11,171.03443908691406,171.9600067138672,136.45999145507812,172.6482565736913,174.47000122070312,137.8774307891928,170.34139373001014,171.47000122070312,134.93353345070832,171.2225546353428,174.30999755859375,134.93353345070832,60139500,28484800,32437800
2024-03-12,171.5096435546875,175.38999938964844,137.28268432617188,172.30170175265368,176.75999450683594,138.15495459716567,169.3116892312768,171.97999572753906,135.82560336197784,171.43043622416553,173.5,135.82560336197784,59825400,36610600,27563400
2024-03-13,169.43052673339844,176.55999755859375,138.5613250732422,171.4700666239107,177.6199951171875,139.8499018963494,169.06419090034882,175.5500030517578,137.76836868179808,171.05423942259554,175.89999389648438,137.77827534305533,52488700,30772600,23347200
2024-03-14,171.28195190429688,178.75,141.84225463867188,172.57893998999515,179.52999877929688,142.32793819304158,170.34138929390355,176.47000122070312,139.22545904327845,171.19284931228447,177.69000244140625,139.94903860620198,72913500,43705800,42753400
2024-03-15,170.9056854248047,174.4199981689453,139.93910217285156,170.9056854248047,177.92999267578125,141.92152332928583,168.59882311892224,173.89999389648438,138.7992160577711,169.47008856862954,176.63999938964844,141.24750739594128,121752700,72147400,49475400
2024-03-18,171.9947967529297,174.47999572753906,146.38198852539062,175.94517770513775,176.69000244140625,150.81270155253688,171.7967859641753,174.27999877929688,145.87647651462308,173.82643054023092,175.8000030517578,147.3038223387608,75604200,31250700,69273700
2024-03-19,174.3313446044922,175.89999389648438,145.73770141601562,174.85607994565953,176.08999633789062,147.4822267241883,171.31163124958826,173.52000427246094,144.7960543185626,172.6086191723699,174.22000122070312,146.85777429622541,55215200,26880900,24070400
2024-03-20,176.8956298828125,178.14999389648438,147.43267822265625,176.8956298828125,178.52999877929688,147.5516186613226,173.3511809805003,174.63999938964844,145.45025691328723,173.97492929704185,176.13999938964844,146.69917689330697,53423100,29947200,21311500
2024-03-21,169.66810607910156,178.14999389648438,146.30271911621094,175.7273381457555,181.4199981689453,149.04836212342065,169.1433707597941,178.14999389648438,145.60885946127715,175.29170540355622,179.99000549316406,148.15627845947205,106181300,32824300,24755600
2024-03-22,170.56912231445312,178.8699951171875,149.44482421875,171.33147983629345,179.25999450683594,150.2477023731003,168.37116745936027,176.75,147.67054880079294,170.05428209514795,177.75,147.80931767778344,71160100,27995400,29211800
2024-03-25,169.15330505371094,179.7100067138672,148.75100708007812,170.2324767040703,180.99000549316406,149.05827999793414,167.76719930445816,177.24000549316406,146.5207828540801,168.87608692531137,178.00999450683594,148.62214484045748,54288300,29815500,19229300
2024-03-26,168.02464294433594,178.3000030517578,149.345703125,169.71765273934344,180.4499969482422,150.92172438957977,167.89592911986227,177.9499969482422,148.66176537347607,168.3117563520967,180.14999389648438,148.8996613684721,57388400,29659000,22149100
2024-03-27,171.58885192871094,179.8300018310547,149.5439453125,171.87598039200594,180.0,150.30718174477965,168.42063422483255,177.30999755859375,147.59125913003174,168.7176579392829,179.8800048828125,149.85121819279237,60273300,33272600,22879200
2024-03-28,169.77703857421875,180.3800048828125,149.6034393310547,170.51959037094832,181.6999969482422,150.09904473286645,168.81667037520143,179.25999450683594,148.8501245651844,170.0443614510728,180.1699981689453,149.5241557764802,65672700,38051600,24485400
2024-04-01,168.3414306640625,180.97000122070312,154.12338256835938,169.54931605122675,183.0,154.37118528416661,167.79688969325008,179.9499969482422,149.28626871590512,169.48991432845702,180.7899932861328,149.36556739992474,46240500,29174500,31730800
2024-04-02,167.1632537841797,180.69000244140625,153.20152282714844,167.65828830624176,180.7899932861328,153.34029171966787,166.55931106297376,178.3800048828125,150.81270141872292,167.40087579338118,179.07000732421875,152.15084190883346,49329500,32611500,24586000
2024-04-03,167.96522521972656,182.41000366210938,153.558349609375,168.98499523543435,182.8699951171875,153.716946940742,166.9058590852198,179.8000030517578,151.3875959008957,167.11376514661308,179.89999389648438,152.2499594372824,47691700,31046600,24705000
2024-04-04,167.14346313476562,180.0,149.20693969726562,170.21266810452119,185.10000610351562,153.40967834779974,167.14346313476562,180.0,149.12764102936788,168.59885072968464,184.0,152.15083657251893,53704400,41624300,34724700
2024-04-05,167.89590454101562,185.07000732421875,151.1596221923828,168.69785802201392,186.27000427246094,152.07153416376286,167.27215623034843,181.97000122070312,148.28511739400383,167.90579979250484,182.3800048828125,148.71133070821097,42104800,42374000,23459200
2024-04-08,166.7771453857422,185.19000244140625,153.48898315429688,167.51969724864153,187.2899932861328,153.9052898339039,166.56923932419392,184.80999755859375,151.26866573838439,167.35138730592178,186.89999389648438,151.4371697426533,37425500,39221300,20702000
2024-04-09,167.98500061035156,185.6699981689453,155.22360229492188,168.39093251447707,187.33999633789062,157.16636680492698,166.67811742351924,184.1999969482422,153.825991572372,167.02463249925154,187.24000549316406,154.71807515609422,42373800,36520100,31079500
2024-04-10,166.11380004882812,185.9499969482422,154.76763916015625,167.41078821247058,186.27000427246094,155.23350940234246,165.45045553411236,182.6699981689453,153.3204648733208,167.1236748074244,182.77000427246094,154.8370311694787,49709300,35879200,22838600
2024-04-11,173.30166625976562,189.0500030517578,158.0089111328125,173.71750852250418,189.77000427246094,158.27652714867145,166.49000200344838,185.50999450683594,155.08484241109738,166.6682071669761,186.74000549316406,155.53088422887154,91070300,40020700,27166400
2024-04-12,174.79669189453125,186.1300048828125,156.3436737060547,176.5887144383463,188.3800048828125,158.8117940185791,172.47993396851362,185.0800018310547,155.75886296974886,172.52942533467058,187.72000122070312,156.57166307757163,101670900,38608800,25353700
2024-04-15,170.9750213623047,183.6199951171875,153.49888610839844,174.8758957155582,188.69000244140625,157.8403937153416,170.78690583147454,183.0,153.23125499058935,173.6185038309996,187.42999267578125,157.46372881803066,73531800,48052400,27136500
2024-04-16,167.69790649414062,183.32000732421875,153.0429229736328,172.0343988146065,184.8300018310547,154.28193632388786,166.59892920522176,182.25999450683594,152.08144740386092,170.04436539186383,183.27000427246094,152.8347772006078,73711200,32891300,20779500
2024-04-17,166.33160400390625,181.27999877929688,154.10354614257812,168.95528100035153,184.57000732421875,155.69939615479163,166.33160400390625,179.82000732421875,153.22136912493693,167.9256158132339,184.30999755859375,154.25222171449875,50901200,31359700,21763100
2024-04-18,165.38111877441406,179.22000122070312,154.63876342773438,166.96523521407434,182.38999938964844,155.56059716944145,164.8959946340493,178.64999389648438,153.26098127050776,166.36129252101995,181.47000122070312,153.97465412709587,43122900,30723800,19883000
2024-04-19,163.36138916015625,174.6300048828125,152.7356719970703,164.74747975255278,179.0,154.98572479887758,162.45052746983075,173.44000244140625,150.96141127979288,164.559379327856,178.74000549316406,154.8271274373676,68149400,56000700,32615600
2024-04-22,164.1930389404297,177.22999572753906,154.90638732910156,165.59893510418706,178.8699951171875,156.25443431502745,163.13367296874276,174.55999755859375,152.70589864435968,163.8762247169617,176.94000244140625,152.95370128791464,48116400,37924900,26446200
2024-04-23,165.24249267578125,179.5399932861328,156.86898803710938,165.3910120745114,179.92999267578125,157.572754235579,163.2821604920133,175.97999572753906,154.90639523489975,163.70789797300347,178.0800018310547,155.58042632459905,49537800,37046500,21151600
2024-04-24,167.34146118164062,176.58999633789062,157.7313690185547,167.61867928406764,180.32000732421875,158.16750416167633,164.55936979904956,176.17999267578125,155.7885893241061,164.8860792640679,179.94000244140625,156.10578401898567,48251800,34185100,22779100
2024-04-25,168.2028350830078,173.6699981689453,154.6288604736328,168.9156860278579,173.9199981689453,155.11455913410575,166.4801094484109,166.32000732421875,149.5439450297003,167.84640961058278,169.67999267578125,149.99990858082532,50558300,49249400,57109700
2024-04-26,167.6186981201172,179.6199951171875,170.43869018554688,169.63843239437367,180.82000732421875,173.17444161155032,167.49987955768663,176.1300048828125,168.15890237210272,168.19293999888993,177.8000030517578,172.83741845240817,44838400,43919800,64665300
2024-04-29,171.77696228027344,180.9600067138672,164.68963623046875,174.2818355072499,183.52999877929688,168.05976136758494,171.38094074443057,179.38999938964844,163.7579109650259,171.64824848286057,182.75,167.5740627254869,68169400,54063900,45610000
2024-04-30,168.6384735107422,175.0,161.34930419921875,173.2521991943247,182.99000549316406,166.62255328715653,168.31174889120035,174.8000030517578,161.1708935024744,171.60868084411632,181.08999633789062,164.15443277611652,65934800,94639800,33562900
2024-05-01,167.6186981201172,179.0,162.4197998046875,170.99483730573115,185.14999389648438,165.65114151829926,167.43058257791944,176.55999755859375,161.656563265471,167.8959162536964,181.63999938964844,162.8559349699541,50383100,94645100,33493200
2024-05-02,171.3116455078125,184.72000122070312,165.15553283691406,171.69777183075684,185.10000610351562,165.26456662605938,169.19289835753364,179.91000366210938,162.44953168316837,170.79680537480178,180.85000610351562,163.34161532186556,94214900,54303500,24294500
2024-05-03,181.55886840820312,186.2100067138672,165.77008056640625,185.14291355827163,187.8699951171875,166.4837534702782,180.84601747897057,185.4199981689453,161.61690537224646,184.7963833456082,186.99000549316406,166.08726012108556,163224100,39172000,34662400
2024-05-06,179.9054718017578,188.6999969482422,166.62254333496094,182.37073431535399,188.75,166.66218511253274,178.62827413884693,184.8000030517578,164.57072969688807,180.53911545314375,186.27999877929688,165.98816902107558,78569700,34725300,21871300
2024-05-07,180.58859252929688,188.75999450683594,169.7448272705078,183.06376520709566,189.94000244140625,170.25033926742327,179.51933122687228,187.30999755859375,166.90996414876957,181.6281680754234,188.9199981689453,167.01899792747776,77305800,34048900,28039700
2024-05-08,180.9252166748047,188.0,167.8912811279297,181.25194126160505,188.42999267578125,168.65450251317668,179.64801918938014,186.38999938964844,167.2569068549834,181.0341248704048,187.44000244140625,167.51461620426056,45057100,26136400,19569100
2024-05-09,182.73707580566406,189.5,168.46617126464844,182.8261784061232,191.6999969482422,169.18975081513116,180.30149897565002,187.44000244140625,166.70180236639047,180.74702708520252,188.8800048828125,167.90117392580035,48983000,43368400,15346700
2024-05-10,181.4779510498047,187.47999572753906,167.16769409179688,183.50042466657956,189.88999938964844,168.35715914244224,180.56585391849484,186.92999267578125,164.72932401226194,183.3120539854214,189.16000366210938,166.5531482403928,50759500,34141800,29799900
2024-05-13,184.68020629882812,186.57000732421875,167.6533660888672,185.4931713127623,188.30999755859375,167.79213497268913,183.03445892506747,185.36000061035156,162.55854403329832,183.84742393900163,188.0,162.81625335334653,72044800,24898600,31327600
2024-05-14,185.8203582763672,187.07000732421875,168.8428497314453,186.68289706997302,187.72000122070312,169.74485521976186,184.69014911402812,183.4499969482422,167.3163917028671,185.8996730578337,183.82000732421875,168.2778674212393,52393600,38698200,25127100
2024-05-15,188.09066772460938,185.99000549316406,170.9937744140625,189.0126735344407,186.72000122070312,171.13254332493105,185.76084369802737,182.72999572753906,169.01135275898227,186.29621459797372,185.97000122070312,169.13030834306738,70400000,75459900,26948400
2024-05-16,188.20962524414062,183.6300048828125,172.64906311035156,189.45881387860598,187.30999755859375,173.5808035378088,188.03117836935675,183.4600067138672,171.17216892717605,188.83421956137332,185.60000610351562,171.7668862401435,52845200,38834500,27867900
2024-05-17,188.23936462402344,184.6999969482422,174.5125732421875,189.17129419091543,185.3000030517578,174.7207341676862,187.55528802161362,183.35000610351562,172.16340845627886,187.88245575005936,183.75999450683594,172.64909207464802,41282900,33175700,24479300
2024-05-20,189.3993377685547,183.5399932861328,175.36500549316406,190.2717851507536,186.6699981689453,177.19875144536334,187.38677266186554,183.27999877929688,174.53239208635316,187.70403175639103,184.33999633789062,174.6414258747219,44361300,30511800,22554400
2024-05-21,190.69808959960938,183.14999389648438,176.2868194580078,191.07481584379752,183.25999450683594,176.58417055209722,189.28036268210627,180.75,174.26474127015484,189.44890089382775,182.3000030517578,175.34515724447746,42309400,50839100,16989400
2024-05-22,189.2605438232422,183.1300048828125,174.82974243164062,191.16406816634918,185.22000122070312,175.5929637561036,188.63596455316463,181.97000122070312,173.6700277652412,190.6187885434668,183.8800048828125,175.08745176039344,34648500,28148800,17880000
2024-05-23,185.27505493164062,181.0500030517578,172.0246124267578,189.35966699130785,184.75999450683594,176.6832994864589,185.0272019643745,180.0800018310547,171.42987998310477,189.33983451815809,183.66000366210938,175.51367817186207,51005900,33670200,21024900
2024-05-24,188.34844970703125,180.75,173.4519500732422,188.94330296502375,182.44000244140625,174.22509313899903,186.4251079843019,180.3000030517578,172.12371636120923,187.1984232707908,181.64999389648438,173.44202828735197,36327000,27471600,16579400
2024-05-28,188.3583526611328,182.14999389648438,174.84957885742188,191.34249703943843,182.24000549316406,175.71194253715282,187.47599667367734,179.49000549316406,172.83742214584382,189.86528785982966,179.92999267578125,172.91672082470853,52280100,29927000,20572200
2024-05-29,188.65577697753906,182.02000427246094,174.3539581298828,190.59895109353056,184.0800018310547,175.2856986187846,187.8824768517226,181.5500030517578,173.1843367499764,187.98162409974876,181.6999969482422,173.88808788543193,53068000,32009300,23388700
2024-05-30,189.6471710205078,179.32000732421875,170.59727478027344,190.52952698465035,181.33999633789062,173.67994067307137,188.99285067972127,178.36000061035156,170.28008009531703,189.12172393667825,181.30999755859375,173.66011222409284,49889100,29184700,22931500
2024-05-31,190.5989532470703,176.44000244140625,170.9838409423828,190.9162123421418,179.2100067138672,171.53891649882755,188.27905284340878,173.8699951171875,167.9507387056137,189.7959119633218,178.3000030517578,170.34946671720675,75158300,58903900,37638900
2024-06-03,192.36366271972656,178.33999633789062,171.64796447753906,193.31542486412093,178.6999969482422,172.9960117081414,190.86663609575578,175.9199981689453,169.65563630662328,191.24336235629542,177.6999969482422,171.0234968625416,50080500,30786600,27459100
2024-06-04,192.680908203125,179.33999633789062,172.2624969482422,193.64257895328527,179.82000732421875,172.3219822936052,191.37223723797064,176.44000244140625,170.37920271129525,192.96841099700254,177.63999938964844,171.75698494771635,47471400,27198400,26879600
2024-06-05,194.18785095214844,181.27999877929688,173.86827087402344,195.20900403542353,181.5,175.09736245061762,193.19643901671662,178.75,172.4012681621193,193.72188613227584,180.10000610351562,173.66010997413338,54156800,32116400,22068500
2024-06-06,192.80979919433594,185.0,175.17666625976562,194.8124556459051,185.0,175.59297294708358,192.5024638984892,181.49000549316406,174.2052839893571,194.0094143560484,181.75,174.35395954744376,41181800,31371200,23251000
2024-06-07,195.19908142089844,184.3000030517578,172.92660522460938,195.2486550396786,186.2899932861328,176.30662182296135,192.4726987931798,183.36000061035156,172.76800790116974,192.9783133981505,184.89999389648438,175.49383700851138,53103900,28021500,19661400
2024-06-10,191.46145629882812,187.05999755859375,173.67088317871094,195.60556579928584,187.22999572753906,175.70520037025813,190.49978557066368,183.7899932861328,171.43809934111798,195.20899197297106,184.07000732421875,173.63119590631558,97010200,34445600,23726700
2024-06-11,205.37098693847656,187.22999572753906,175.26853942871094,205.38091074009856,187.77000427246094,175.48685725053846,191.96710777388114,184.5399932861328,172.44035606018014,191.98692512163242,187.05999755859375,174.87160619376945,172373300,27265100,21540600
2024-06-12,211.24014282226562,186.88999938964844,176.42962646484375,218.30889945026047,188.35000610351562,179.0295897328755,205.1231180281253,185.42999267578125,174.762488316215,205.58908283581826,188.02000427246094,176.8861134200364,198134300,33984200,27864700
2024-06-13,212.4001007080078,183.8300018310547,173.81971740722656,214.888539245905,187.6699981689453,175.38762940788288,209.7827737762817,182.6699981689453,173.5418611176958,212.8958066808934,186.08999633789062,174.76244518542256,97862700,39721500,20913300
2024-06-14,210.6651153564453,183.66000366210938,175.43727111816406,213.32209192759066,183.72000122070312,175.7052094322638,209.48533280144244,182.22999572753906,172.81747188595338,212.01343611534222,183.0800018310547,172.8869435437714,70122700,25456400,18063600
2024-06-17,214.80923461914062,184.05999755859375,175.88381958007812,217.06965275202606,185.0,176.99524483970762,210.89316027395952,181.22000122070312,173.47240531751984,211.53757201804441,182.52000427246094,174.1174408030097,93728300,35601900,19618500
2024-06-18,212.44964599609375,182.80999755859375,173.75025939941406,216.7523850703462,184.2899932861328,176.03266350713454,211.17073132176122,181.42999267578125,172.7678442779151,215.7213082393038,183.74000549316406,175.78457643329608,79943300,36659200,21869900
2024-06-20,207.87924194335938,186.10000610351562,174.95101928710938,212.4000929584359,186.50999450683594,175.93343447480135,207.05638337080816,182.72000122070312,173.65104535533175,212.0927425591543,182.91000366210938,174.02812743639052,86172500,44726800,20160100
2024-06-21,205.70806884765625,189.0800018310547,178.25552368164062,210.07027533194446,189.27999877929688,179.46618977626414,205.33132746963062,185.86000061035156,175.25862768166826,208.58315742215362,187.8000030517578,175.64564289932446,241805100,70792500,57759000
2024-06-24,206.3524627685547,185.57000732421875,177.84864807128906,210.87329840415435,191.0,179.5058677711299,204.81577136869439,185.3300018310547,177.30285352534577,205.93607160503834,189.3300018310547,178.7814578148954,80727000,50610400,18298000
2024-06-25,207.2744903564453,186.33999633789062,182.6218719482422,209.56464939365068,188.83999633789062,182.87987707702328,206.8184342324815,185.4199981689453,178.04714529101605,207.35378999494392,186.80999755859375,178.24561193946573,55549700,45366400,23130200
2024-06-26,211.41859436035156,193.61000061035156,182.47303771972656,213.01476817493463,194.8000030517578,183.09820694625952,208.8310086144187,186.25999450683594,181.0837408053558,209.68362348048936,186.9199981689453,181.23260215798607,66213200,65103900,19839000
2024-06-27,212.2613067626953,197.85000610351562,183.99130249023438,213.88722177256454,199.83999633789062,184.6264047984624,210.5263358320774,194.1999969482422,182.61193895476885,212.8462361886446,195.00999450683594,182.77070317530075,49772700,74397500,18848900
2024-06-28,208.81118774414062,193.25,180.75624084472656,214.2143951724623,198.85000610351562,183.71344974735644,208.49394377490637,192.5,180.56770738280355,213.91696855097956,197.72999572753906,182.90965002904287,82542700,76930200,29156600
2024-07-01,214.8885498046875,197.1999969482422,181.5897979736328,215.64201747450758,198.3000030517578,182.47298724360064,210.10002805599396,192.82000732421875,179.9127271353494,210.26856627972688,193.49000549316406,181.6294852381344,60402900,41192000,16006100
2024-07-02,218.37831115722656,200.0,183.82260131835938,218.4873670751859,200.42999267578125,184.1500780686585,213.25271326862932,195.92999267578125,180.17075176456586,214.2936836981781,197.27999877929688,180.65700787416756,58046200,45600000,17372500
2024-07-03,219.64730834960938,197.58999633789062,184.39816284179688,219.64730834960938,200.02999877929688,184.6660859724945,217.14894613859082,196.75999450683594,182.59208172180752,218.11061688690268,199.94000244140625,183.43558380831382,37369800,31597900,10242100
2024-07-05,224.3961639404297,200.0,189.14161682128906,224.5052198536283,200.5500030517578,189.39962196196515,219.7464397478406,198.1699981689453,184.37834132871893,219.7464397478406,198.64999389648438,184.4378798117953,60412400,39858900,20967500
2024-07-08,225.8634796142578,199.2899932861328,187.58360290527344,225.89322076278884,201.1999969482422,188.71487939155085,221.3327197032473,197.9600067138672,186.34316749742393,225.13973799267995,200.0399932861328,188.4469411036859,59085900,34767300,21035900
2024-07-09,226.71607971191406,199.33999633789062,187.53399658203125,227.42989753320916,200.57000732421875,189.89579062187278,224.4259205051531,199.0500030517578,187.2759914489027,225.97252074204383,199.39999389648438,188.8538217724112,48076100,32700100,15121400
2024-07-10,230.97914123535156,199.7899932861328,189.7171630859375,231.07828847688273,200.11000061035156,190.2828089517807,227.28117906796422,197.69000244140625,187.58362004629095,227.3307526887298,200.0,187.7026970108747,62627700,32883800,15952500
2024-07-11,225.6156463623047,195.0500030517578,184.15008544921875,230.39424455320685,200.27000427246094,189.39960141202818,223.83110165559438,192.86000061035156,183.66382932012837,229.40283250811748,200.08999633789062,188.39733505757295,64710600,44565000,25625800
2024-07-12,228.56008911132812,194.49000549316406,183.6538848876953,230.64206011910093,196.47000122070312,185.67826851181636,226.71606240173486,193.8300018310547,183.07832112641788,226.9540066999144,194.8000030517578,183.66380291836109,53046500,30598500,22898400
2024-07-15,232.38694763183594,192.72000122070312,185.1027374267578,235.1926451763578,196.19000244140625,186.79965977611926,231.08820043911544,190.8300018310547,183.50505596969933,234.44908623752588,194.55999755859375,183.50505596969933,62631300,40683200,16474000
2024-07-16,232.80335998535156,193.02000427246094,182.5126953125,234.24090427881208,196.6199951171875,187.23626771226316,230.33473879844306,192.24000549316406,181.9669007256916,232.98180687397965,195.58999633789062,185.92637584595624,43234300,33994700,18290700
2024-07-17,226.9143829345703,187.92999267578125,179.6348876953125,229.47222770464353,191.5800018310547,182.14552760174087,224.6936146131452,185.99000549316406,178.52344733868037,227.4794799069808,191.35000610351562,181.569963789314,57345900,48076100,20734100
2024-07-18,222.25473022460938,183.75,176.33038330078125,228.46097889584826,189.67999267578125,181.10357651103143,220.36114484151935,181.4499969482422,175.11971708479683,228.3023493485251,189.58999633789062,180.53793067512186,66034600,51043600,25315700
2024-07-19,222.38360595703125,183.1300048828125,176.30059814453125,224.8522270905052,184.92999267578125,178.91046381081307,221.36245288688534,180.11000061035156,175.77465477022162,222.88923571935766,181.13999938964844,177.51126425121495,49151500,43081800,18881900
2024-07-22,222.03662109375,182.5500030517578,180.2799072265625,225.82380677595344,185.05999755859375,181.30202472668176,221.174082433242,182.47999572753906,178.85092330428975,225.06041535891617,185.0,179.20816928485795,48201800,39931900,24100300
2024-07-23,223.0775909423828,186.41000366210938,180.3989715576172,224.9910238167192,189.38999938964844,182.20505253920132,220.76759935066607,183.55999755859375,180.150884509072,222.44308791792702,184.10000610351562,180.6569917790045,39960300,47537700,36352700
2024-07-24,216.66314697265625,180.8300018310547,171.30909729003906,222.86939506256107,185.4499969482422,174.84185492699467,215.2652677100796,180.41000366210938,170.5052975643539,222.0762625279836,183.1999969482422,172.2716763828317,61777600,41532400,49585200
2024-07-25,215.6221923828125,179.85000610351562,166.0000457763672,218.95333716975932,183.89999389648438,172.09306459024975,212.77682977395946,176.8000030517578,165.91073805088556,217.04981289629316,182.91000366210938,171.1999570513624,51391200,44464200,44852000
2024-07-26,216.08815002441406,182.5,165.72216796875,217.6050090608147,183.19000244140625,166.80382399385917,214.15488466672127,180.24000549316406,162.8046615111257,216.8217851678197,180.38999938964844,165.8710141586151,41601300,29506000,41336900
2024-07-29,216.36573791503906,183.1999969482422,168.23277282714844,217.41663210574902,184.75,169.12588006376316,213.89711684474761,182.3800048828125,166.70456340977805,215.0967318967012,183.83999633789062,167.53813218288917,36311800,33270100,20293800
2024-07-30,216.9209442138672,181.7100067138672,168.9869842529297,218.43780333279796,185.86000061035156,169.91979407162952,214.26395224147618,179.3800048828125,167.15114899500833,217.3075942808937,184.72000122070312,168.9373789518768,41643800,39508600,18959700
2024-07-31,220.17276000976562,186.97999572753906,170.2274169921875,221.89782218872546,187.94000244140625,172.91668748879763,218.7352157578384,184.4600067138672,168.70912533779483,219.53825698895486,185.0500030517578,171.9144211788754,50036300,41667300,25729100
2024-08-01,216.48472595214844,184.07000732421875,169.45338439941406,222.55216258005441,190.60000610351562,172.71821867309802,215.15623749650504,181.8699951171875,167.58777995648467,222.44310665442717,189.2899932861328,168.94729223504007,62501000,70435600,24531400
2024-08-02,217.97181701660156,167.89999389648438,165.38479614257812,223.6625266661827,168.77000427246094,167.22063168798618,215.8402875210575,160.5500030517578,163.4100172779574,217.26790792406092,166.75,165.16647827243773,105568600,141448400,29130100
2024-08-05,207.4727783203125,161.02000427246094,158.03147888183594,211.66644653820467,162.9600067138672,163.17183620146415,194.31673780556494,151.61000061035156,153.7445266292353,197.38019703112641,154.2100067138672,154.3101724717456,119548600,83149400,53630700
2024-08-06,205.45030212402344,161.92999267578125,157.07882690429688,208.18660889381388,165.0800018310547,159.3413952637539,199.3432157724579,158.5399932861328,155.2132221455675,203.53688424769564,161.7100067138672,158.11087775486118,69660500,59950800,49004600
2024-08-07,208.01806640625,162.77000427246094,157.72384643554688,211.80525225793107,167.5800018310547,161.7329270375027,204.61751548926864,161.42999267578125,157.2574415077753,205.12313014700663,166.5500030517578,160.01616866155442,63516400,48408200,25138600
2024-08-08,211.4780731201172,165.8000030517578,160.79017639160156,212.36042911915672,166.69000244140625,162.43747802495426,207.03655197769595,162.5500030517578,158.98411055542044,211.27979376271134,165.1699981689453,159.28180289949356,47161100,44616200,25578800
2024-08-09,214.38291931152344,166.94000244140625,162.4176483154297,214.91827509282652,168.5500030517578,162.53672526881738,210.1495861717322,165.85000610351562,157.84292193770273,210.2784745623819,166.39999389648438,158.78564981676743,42201600,36401000,28602300
2024-08-12,215.91146850585938,166.8000030517578,161.04820251464844,217.8767320905019,168.5500030517578,163.638232240746,213.9958359256548,166.11000061035156,160.60164879815585,214.4623401059105,168.13999938964844,163.09245277727376,38028100,30072800,15895300
2024-08-13,219.62364196777344,170.22999572753906,162.9038848876953,220.23902400333975,171.0399932861328,163.46951549041373,217.38044783379533,167.10000610351562,161.72298810159427,217.38044783379533,167.80999755859375,162.1596237343071,44155300,39237900,18551700
2024-08-14,220.0703125,170.10000610351562,159.1428680419922,221.37056313371255,172.27999877929688,161.97106632758315,218.06533789669703,168.86000061035156,156.50323346974255,218.92887503482297,172.11000061035156,161.15733357604037,41960600,28843800,40591100
2024-08-15,223.04798889160156,177.58999633789062,160.0657958984375,223.67330627029455,177.91000366210938,160.40319071181239,221.10256546081067,173.99000549316406,158.388724722145,222.92888658909135,174.86000061035156,159.27191417011724,46414000,51698500,31524300
2024-08-16,224.36807250976562,177.05999755859375,161.71307373046875,225.14226768918678,178.33999633789062,163.79699592189854,221.98592068094572,176.25999450683594,159.89707465805918,222.25391598005478,177.0399932861328,160.23446942114322,44340200,31489200,24208600
2024-08-19,224.20925903320312,178.22000122070312,165.3946990966797,224.30852103873067,178.3000030517578,165.4145503036196,221.38045847347976,176.16000366210938,163.0031359185699,224.0405257400108,177.63999938964844,164.01533548402497,40687800,31129800,22416200
2024-08-20,224.82464599609375,178.8800048828125,165.90078735351562,225.47973889834265,179.00999450683594,167.34962258490438,223.7725353535306,177.42999267578125,165.54355648931903,224.0901616619868,177.9199981689453,165.62293103111787,30299000,26255200,18341500
2024-08-21,224.71546936035156,180.11000061035156,164.58096313476562,226.28371522001356,182.38999938964844,165.57331138365288,223.37552309496598,178.88999938964844,163.40998432722168,224.8345868015738,179.9199981689453,163.88630724691845,34765500,35599100,22902000
2024-08-22,222.85939025878906,176.1300048828125,162.54664611816406,226.64103964823346,181.47000122070312,166.30763931714822,222.23407290784718,175.67999267578125,162.06039002531082,226.09512887719345,181.3800048828125,165.9801625781286,43695300,32047500,22493300
2024-08-23,225.15219116210938,177.0399932861328,164.35272216796875,226.52192810531062,178.97000122070312,164.9084347985432,222.66087229355688,175.24000549316406,162.57642535652303,223.98097823318813,177.33999633789062,163.4596147462646,38677300,29150100,13955700
2024-08-26,225.48965454101562,175.5,164.8885955810547,225.58891654674125,177.47000122070312,166.26795909914733,222.22414052811973,174.3000030517578,163.20160651563705,225.0727813784282,176.6999969482422,165.106913416324,30602200,22366200,14190400
2024-08-27,226.3333282470703,173.1199951171875,163.419921875,227.14723425887112,174.88999938964844,165.1664646925233,223.21669220638537,172.25,163.201619164844,224.31843379232603,174.14999389648438,164.57104961527048,35934600,29842000,11821900
2024-08-28,224.80479431152344,170.8000030517578,161.60391235351562,228.14971479709,173.69000244140625,164.33286993605128,224.0008084384826,168.9199981689453,160.29400544572312,226.22414704916858,173.69000244140625,163.77714221811894,38052200,29045000,16407400
2024-08-29,228.0802459716797,172.1199951171875,160.54212951660156,231.18696212304621,174.2899932861328,164.70007190564058,227.1770283167567,170.80999755859375,159.02383761377362,228.3879521456165,173.22000122070312,163.0527698600771,51906300,26407800,19699800
2024-08-30,227.296142578125,178.5,162.12989807128906,228.6857199244299,178.89999389648438,162.40775443186422,225.787447784096,172.60000610351562,160.4528267322231,228.47729089511273,172.77999877929688,161.37570354226852,52990800,43429400,22123800
2024-09-03,221.11248779296875,176.25,156.15591430664062,227.2961293418145,178.25999450683594,160.61156320284906,219.52438650802387,175.25999450683594,155.28264303988357,226.84948058831634,177.5500030517578,160.48255309061489,50190600,37817500,38945300
2024-09-04,219.20677185058594,173.3300018310547,155.2528839111328,220.12984491677884,175.97999572753906,157.78337502963737,215.86183603349318,172.5399932861328,154.76664294942685,220.01074262314262,174.47999572753906,155.4612837104589,43840200,30309200,19353800
2024-09-05,220.72537231445312,177.88999938964844,156.03684997558594,223.80229748015876,179.8800048828125,158.2299312085826,219.87177059333374,175.0,154.78648144405375,219.9809527371486,175.0,155.1040401638185,36615400,40170500,18688700
2024-09-06,219.17698669433594,171.38999938964844,149.7652130126953,223.56409767944487,178.3800048828125,156.62234382988387,218.13479623481732,171.16000366210938,149.39804896411633,222.28368749781316,177.24000549316406,156.09640040925774,48423000,41466500,37912100
2024-09-09,219.26632690429688,175.39999389648438,147.7679443359375,219.6236489368284,175.85000610351562,152.4282209390493,215.09757995493325,173.50999450683594,146.2873778721235,219.17700018247805,174.52999877929688,151.54385960268255,67180000,29037400,39260500
2024-09-10,218.47227478027344,179.5500030517578,147.71826171875,219.83207646515766,180.5,150.31172831197244,215.1174187834135,176.7899932861328,147.40028159964342,217.29112653781655,177.49000549316406,149.4969156283568,51591000,36233800,31118800
2024-09-11,221.00328063964844,184.52000427246094,150.20242309570312,221.43007391385896,184.99000549316406,150.54026559740743,216.2687680395375,175.72999572753906,146.5854826673726,219.81221238330573,180.10000610351562,148.97027288921362,44587100,42564700,29607700
2024-09-12,221.11248779296875,187.0,153.71006774902344,221.8866830044339,187.41000366210938,153.83924907315188,218.1844402475294,183.5399932861328,151.682982309114,220.84449248276735,184.8000030517578,152.82570635319718,37455600,33544200,29621500
2024-09-13,220.844482421875,186.49000549316406,156.4625244140625,222.37301734416337,188.5,157.37669455144265,220.25887596851652,185.91000366210938,154.22677778049754,221.91644846858938,187.0,154.44537016884462,36766600,26495400,29591200
2024-09-16,214.7104949951172,184.88999938964844,157.05868530273438,215.60379255643394,185.80999755859375,157.24748407606418,212.32834292284386,183.36000061035156,155.6079429135806,214.92884416844979,185.2899932861328,156.31343656303738,59357400,26065500,18379800
2024-09-17,215.1769561767578,186.8800048828125,158.3107452392578,215.2861383219032,189.4499969482422,159.53294917671778,212.90400170360138,186.13999938964844,157.37669753536267,214.14470101422842,186.85000610351562,158.01264265003823,45519300,26091700,20715600
2024-09-18,219.04794311523438,186.42999267578125,158.79763793945312,221.05291740528648,188.8000030517578,159.483269373917,215.92137182236397,185.05999755859375,157.5953115022546,215.931307109631,186.4499969482422,158.84732423336595,59894900,34448100,23677300
2024-09-19,227.16708374023438,189.8699951171875,161.11285400390625,228.11002736409566,190.99000549316406,162.7523953061902,222.95864123060412,188.47000122070312,160.31791891468873,223.31596324984213,190.0399932861328,162.67291544318158,66781300,39543200,26587700
2024-09-20,226.5020751953125,191.60000610351562,162.55368041992188,231.3556905514529,191.83999633789062,162.69279293629415,225.92638886705737,187.41000366210938,161.03337393309369,228.2589097535001,190.22999572753906,162.46425419413836,318679900,100378600,40896400
2024-09-23,224.78494262695312,193.8800048828125,160.82470703125,227.742765583781,194.4499969482422,164.4416474906759,224.12984974700805,190.57000732421875,160.64583942390462,225.64846451262724,191.63999938964844,163.3088698512438,54146000,36993100,24150900
2024-09-24,225.67825317382812,193.9600067138672,161.26190185546875,227.64353192764617,195.3699951171875,162.18601827960998,224.05045616714196,190.1300048828125,159.67204679818846,226.94872814757065,194.27000427246094,161.9972194853163,43556100,43478900,23332100
2024-09-25,224.68569946289062,192.52999877929688,160.46697998046875,225.59885242729763,193.9499969482422,161.77861000791742,222.3531936181764,192.16000366210938,160.27818118844277,223.2564112941643,193.75,160.44710243338025,42308700,26391100,18869200
2024-09-26,225.82713317871094,191.16000366210938,161.69911193847656,226.7998372114188,194.52999877929688,163.0405658423745,223.73283210674714,189.5399932861328,161.25196569121914,225.60876888531146,194.30999755859375,162.60335078741144,36636700,36334900,20319300
2024-09-27,226.09512329101562,187.97000122070312,162.911376953125,227.81226214161182,190.89999389648438,164.6502907376612,225.6087788258606,187.33999633789062,161.5997470113798,226.7601514881057,190.67999267578125,161.77859943711212,34026000,36002300,21101300
2024-09-30,231.26638793945312,186.3300018310547,164.79934692382812,231.26638793945312,188.49000549316406,165.09743429522993,227.9413072049674,184.64999389648438,162.22574304110324,228.3284048450643,187.13999938964844,162.28537567750828,54541900,41583900,20413900
2024-10-01,224.52688598632812,185.1300048828125,165.93214416503906,227.9412778656533,186.19000244140625,168.08839566011457,222.07526286618742,183.4499969482422,163.53740758234116,227.81225543239978,184.89999389648438,166.62770671794624,63285000,36044900,28338100
2024-10-02,225.09263610839844,184.75999450683594,164.80931091308594,225.67824256269316,186.60000610351562,166.45879878634457,221.360617941662,184.0399932861328,163.68646438360673,224.20925878310885,184.44000244140625,165.3657609999376,32880600,23704100,17760200
2024-10-03,223.9908905029297,181.9600067138672,164.80931091308594,225.12240767637772,183.44000244140625,165.584368557219,221.65838486968212,180.8800048828125,162.88159799640147,223.46483520314058,183.0500030517578,163.36849940346053,34044200,30204300,15073100
2024-10-04,225.1125030517578,186.50999450683594,166.001708984375,226.30357145139808,187.60000610351562,167.1642954706186,222.46237094034984,183.60000610351562,164.43171611961677,226.20430944090455,185.75,166.9953742029211,37245100,40890300,19047400
2024-10-07,220.04051208496094,180.8000030517578,161.9475555419922,224.01074997862722,183.60000610351562,167.41271432730716,219.68319006872073,180.25,161.71901678363855,222.8296017820206,182.9499969482422,166.65753420806615,39505400,42364200,22463100
2024-10-08,224.0901641845703,182.72000122070312,163.33868408203125,224.298593199742,183.08999633789062,163.68645779124333,221.58890998571715,180.9199981689453,161.8382399845631,222.63110049734397,181.9199981689453,162.901468985077,31855700,26372100,23072700
2024-10-09,227.83209228515625,185.1699981689453,160.8346405029297,228.0405364361267,185.85000610351562,163.7957583809211,223.15714569962594,182.0500030517578,158.72807525360884,223.55416342639623,182.82000732421875,162.41456443992033,33591100,26343100,31181800
2024-10-10,227.3358154296875,186.64999389648438,161.05323791503906,227.7923994519787,188.1300048828125,162.03697180217182,225.47973405841245,185.8300018310547,159.38387269706766,226.0851959438118,187.1300048828125,159.85089649743236,28183500,27785000,14144100
2024-10-11,225.85691833496094,188.82000732421875,162.20590209960938,227.70307961960657,189.92999267578125,162.86170956550862,225.6484741750507,186.3000030517578,160.21857182956228,227.5938974682738,186.6300048828125,161.10293319324816,31759200,25751600,15344300
2024-10-14,229.57901000976562,187.5399932861328,163.9149932861328,230.0058033150611,189.8300018310547,165.1769369826469,226.89910245149323,187.36000061035156,162.36486307226147,226.99834931201846,189.77999877929688,162.6033481425783,39882100,22614400,19016100
2024-10-15,232.11004638671875,187.69000244140625,164.41184997558594,235.7229623804217,188.41000366210938,166.61777276120088,230.6410474142004,184.5800018310547,163.5871060435806,231.87182665313995,187.6300048828125,164.73974614754195,64751400,32178900,20247200
2024-10-16,230.055419921875,186.88999938964844,164.11373901367188,230.39288648800354,187.77999877929688,164.74968410008972,228.1298522341637,185.61000061035156,162.70273632699872,229.87676649695567,187.0500030517578,163.48772512033995,34082200,23456800,16406000
2024-10-17,230.42269897460938,187.52999877929688,161.89784240722656,232.11006236609234,188.94000244140625,165.31605267037628,228.80483716826546,186.0,161.72892116495908,231.6931740173152,188.22000122070312,164.6801076327293,32993800,25039400,21453400
2024-10-18,233.25146484375,188.99000549316406,162.384765625,234.42267769537074,190.74000549316406,163.66660222742627,232.2688255608399,186.27999877929688,162.04692309495266,234.42267769537074,187.14999389648438,162.1562268737477,46431500,37417700,19757700
2024-10-21,234.72047424316406,189.07000732421875,163.03065490722656,235.08773156933626,189.4600067138672,163.45792366085925,232.7055796017645,186.39999389648438,161.58982825285435,232.7055796017645,188.0500030517578,161.9177395848208,36254500,24639400,20946500
2024-10-22,234.10508728027344,189.6999969482422,164.09385681152344,234.4624093106695,191.52000427246094,164.71987068710104,230.86934872103873,186.97999572753906,161.9475365199372,232.14974382855843,188.35000610351562,161.9475365199372,38846600,29650600,16568100
2024-10-23,229.0430145263672,184.7100067138672,161.7488250732422,233.3904297884605,189.16000366210938,164.76957586597575,226.06533615950997,183.69000244140625,160.9042035621243,232.33831918874512,188.85000610351562,163.71627798503206,52287000,31937100,18280500
2024-10-24,228.85446166992188,186.3800048828125,161.68917846679688,229.10260155629064,187.11000061035156,162.29531475497333,226.710529416834,183.86000061035156,159.9900045566217,228.26884002769643,185.25,161.79848222899673,31109500,21647400,22412500
2024-10-25,229.6881866455078,187.8300018310547,164.22305297851562,231.48471683213373,190.4499969482422,164.5410179603954,227.86188088691335,187.52999877929688,162.38476628102538,228.03061417648678,187.85000610351562,162.63318258273335,38802300,29362100,19828900
2024-10-28,231.6633758544922,188.38999938964844,165.66384887695312,232.98348177622344,190.2100067138672,167.68098784367282,230.81970938626554,188.2100067138672,162.91139226813863,231.5839844241638,189.57000732421875,167.68098784367282,36087100,27930800,32138600
2024-10-29,231.93138122558594,190.8300018310547,168.60508728027344,232.5864741436605,191.4600067138672,169.30066498158368,230.59143496071306,187.82000732421875,166.03149830422933,231.36563017470797,188.5800018310547,166.66744336321563,35417200,35690200,42169000
2024-10-30,228.38792419433594,192.72999572753906,173.35479736328125,231.7328445287285,195.61000061035156,180.86690211165708,227.84201349481597,192.4199981689453,172.95732227794772,230.87924283818487,194.6999969482422,179.53537952844496,47070900,37707600,68890800
2024-10-31,224.2291259765625,186.39999389648438,170.0260467529297,228.11995749798112,190.60000610351562,175.69988150851668,223.69313535160188,185.22999572753906,169.91674297844676,227.63359787833264,190.50999450683594,172.03325462883092,64370100,75146800,44769000
2024-11-01,221.25143432617188,197.92999267578125,170.2048797607422,223.67328184782377,200.5,171.22836871150324,218.6310779402587,197.02000427246094,167.81015851321018,219.32586653780092,199.0,168.99262234877236,65276700,99687800,31796500
2024-11-04,220.3581085205078,195.77999877929688,168.1678924560547,221.13230364643434,197.3300018310547,169.64844379948434,218.07523400035532,194.30999755859375,166.9456734265419,219.34570882983752,196.4499969482422,168.8535086611848,44944500,38492100,21492700
2024-11-05,221.78741455078125,199.5,168.66473388671875,222.28369429475046,199.82000732421875,169.4497227111904,219.49460455688452,195.99000549316406,167.77042612333224,220.14969745378525,196.0399932861328,168.35668494331603,28111300,30564800,18242100
2024-11-06,221.06285095214844,207.08999633789062,175.39183044433594,224.387931303672,207.5500030517578,175.81911434381482,219.54423614319148,199.13999938964844,172.4009037964916,220.95366880237512,200.00999450683594,172.69900637438644,54561100,72292200,33695500
2024-11-07,225.78744506835938,210.0500030517578,179.60498046875,226.18447798056903,212.25,179.93289179611503,222.89910825147632,207.19000244140625,176.067534869967,222.95865940199351,207.44000244140625,176.28614242154367,42137700,52878400,25352900
2024-11-08,225.51914978027344,208.17999267578125,177.22018432617188,227.20835428792034,209.9600067138672,179.7540183112244,224.9726384261151,207.44000244140625,176.95189049215537,225.72780810336752,209.72000122070312,179.50560202546419,38328800,36075800,22006200
2024-11-11,222.8064727783203,206.83999633789062,179.20750427246094,224.26714170400084,209.64999389648438,179.40623425717754,220.0938084143074,205.58999633789062,177.3394090594478,223.57158868270503,208.5,177.44871282536081,42005600,35456000,17450400
2024-11-12,222.8064727783203,208.91000366210938,180.46946716308594,224.15783943194586,209.5399932861328,181.33396618962504,221.9420008205612,206.00999450683594,178.25359803223796,223.12444853772337,208.3699951171875,178.6808819487348,40398300,38942900,25134900
2024-11-13,223.69082641601562,214.10000610351562,177.74681091308594,225.2111120360391,215.08999633789062,179.81363605883408,221.34580821096,209.13999938964844,177.40895326922643,222.58787261698694,209.39999389648438,179.31680352847516,48566200,46212900,23184000
2024-11-14,226.7711639404297,211.47999572753906,174.4677276611328,227.41703140021204,215.89999389648438,177.68720818344102,223.57160465201176,210.8800048828125,173.21571503907634,223.59148192887395,214.16000366210938,177.15062051532624,44923900,42620300,31007500
2024-11-15,223.57159423828125,202.61000061035156,171.3972930908203,225.47940335635096,207.33999633789062,173.03683438867833,222.8462328667566,199.61000061035156,170.1353342086739,224.96270031544069,206.75999450683594,172.62942807176185,47923700,86591100,32504600
2024-11-18,226.5724334716797,201.6999969482422,174.1894989013672,228.28151537171908,204.6699981689453,174.32861141194803,223.74052045447314,200.9499969482422,171.80469351153303,223.82001439888424,204.14999389648438,172.32140362031606,44633700,36409900,20135300
2024-11-19,226.83074951171875,204.61000061035156,176.99163818359375,228.69881907074455,205.3000030517578,177.7368870735365,225.22103903072198,198.77999877929688,172.4605273586821,225.53899960732684,199.3300018310547,172.61951742744716,36211800,31197900,23434900
2024-11-20,227.54620361328125,202.8800048828125,174.86517333984375,228.4702922716314,203.1300048828125,176.5544009125721,224.45594670445817,199.4499969482422,172.67911323618793,226.61216873586113,202.97999572753906,176.21655843045156,35169600,32769000,18997100
2024-11-21,227.0692596435547,198.3800048828125,166.56808471679688,228.6988476019872,203.49000549316406,173.0269078339117,224.27710117470866,195.75,162.6629730093742,227.42697481306035,203.49000549316406,172.79835394534456,42108300,58800000,59734400
2024-11-22,228.41067504882812,197.1199951171875,163.7162628173828,229.25528492407807,199.25999450683594,165.40550568311707,226.61216818417898,196.75,162.8617101914929,226.61216818417898,198.25,164.79936934193785,38168300,31530800,38604600
2024-11-25,231.39161682128906,201.4499969482422,166.5879364013672,231.7692092379923,201.9499969482422,167.56173904858872,228.28149797848934,199.0,164.56086640923021,229.99057974831032,199.27999877929688,165.0378213787698,90152800,40685700,33135300
2024-11-26,233.56771850585938,207.86000061035156,168.0486297607422,234.07449047305911,208.0,168.74420743105776,231.84870566104107,201.7899932861328,166.51839224272408,231.84870566104107,201.89999389648438,166.56807852805025,45986200,41673700,20486700
2024-11-27,233.4385528564453,205.74000549316406,168.15794372558594,234.19373774290258,207.63999938964844,168.40636000516253,232.32566796514345,205.0500030517578,166.95561742322607,232.98148163119754,206.97999572753906,167.9294049937709,33498400,28061600,19266500
2024-11-29,235.8233184814453,207.88999938964844,167.8797149658203,236.3002669685808,208.1999969482422,168.35666996658753,232.48464874765904,204.58999633789062,166.10106111500806,233.31931239062584,205.8300018310547,167.43256870496816,28481400,24892400,14257200
2024-12-02,238.0689697265625,210.7100067138672,170.4036407470703,239.26134854667043,212.99000549316406,170.98989954223964,235.65440375298792,209.50999450683594,167.50214035040204,235.76370602927642,209.9600067138672,167.7008703464783,48137100,39523200,23789100
2024-12-03,241.10952758789062,213.44000244140625,170.2545623779297,241.21882985808793,214.02000427246094,171.58606987747282,237.3833345065081,209.64999389648438,169.7676762176285,238.28756099978403,210.30999755859375,170.40362122950918,38861000,32214800,22248700
2024-12-04,241.46725463867188,218.16000366210938,173.265380859375,242.56027739454964,220.0,173.80196851105399,239.7184333911867,215.75,169.976351762093,241.32814402991647,215.9600067138672,170.06577798333072,44383900,48745700,31615100
2024-12-05,241.49705505371094,220.5500030517578,171.54635620117188,242.98753231090083,222.14999389648438,174.94468929994056,240.59284370740727,217.3000030517578,171.23832242107443,242.4410361127995,218.02999877929688,174.24912670582898,40033900,41140200,21356200
2024-12-06,241.29830932617188,227.02999877929688,173.60324096679688,243.07695387436263,227.14999389648438,173.97089221181594,240.5431396985891,220.60000610351562,170.77128929069295,241.36787220390693,220.75,170.9402105427862,36870600,44178100,21462400
2024-12-09,245.1835174560547,226.08999633789062,174.45877075195312,245.67041216886827,230.0800018310547,175.34414569527965,240.21525975684386,225.6699981689453,172.74770667593938,240.29475369946152,227.2100067138672,173.05610866341627,44649200,46819400,25389600
2024-12-10,246.197021484375,225.0399932861328,184.2078399658203,246.63423054379348,229.05999755859375,185.39165905883286,243.78244060146582,224.1999969482422,180.10925267461994,245.32260336553807,226.08999633789062,181.89990276575224,36914800,31199900,54813000
2024-12-11,244.9251708984375,230.25999450683594,194.3846893310547,249.20780656351602,231.1999969482422,194.59360484337623,244.69662013013263,226.25999450683594,183.88951960925283,246.3858398593606,226.41000366210938,184.34712093414166,45205800,35385800,67894100
2024-12-12,246.38583374023438,228.97000122070312,190.9625701904297,247.1608807008323,231.08999633789062,194.16582489848338,244.12029436088807,227.6300048828125,190.71386920648584,245.32261935264157,229.8300018310547,193.98676747620544,32777500,28204100,34817500
2024-12-13,246.55474853515625,227.4600067138672,188.83367919921875,247.70737273801882,230.1999969482422,191.7285469445743,244.67674782957272,225.86000061035156,188.65460660803555,246.24671899982582,228.39999389648438,190.01748306194702,33155300,28768100,25143500
2024-12-16,249.44627380371094,232.92999267578125,195.63812255859375,249.7841268474892,233.0,197.9659598504381,246.07779571830554,228.00999450683594,191.61910663196343,246.4156487620838,230.22999572753906,191.86780758654942,51694800,37552100,44934900
2024-12-17,251.87075805664062,231.14999389648438,194.40457153320312,252.2185421189052,232.72999572753906,200.37339478634232,248.19425082976375,227.85000610351562,193.96685539925252,248.49234928857376,232.38999938964844,196.22506444695088,51356400,35948100,43504000
2024-12-18,246.4752655029297,220.52000427246094,187.42105102539062,252.6657103008961,231.39999389648438,195.97637074387896,246.1672359539693,220.11000061035156,186.76449197962535,250.55917390522964,230.77000427246094,194.20562099415744,56774100,43281400,34166100
2024-12-19,248.20419311523438,223.2899932861328,187.53048706054688,250.400169527173,226.08999633789062,192.02700516266594,245.5213371883983,222.9199981689453,187.40117286917095,245.92873792847348,224.91000366210938,190.63428570513082,60882300,39918700,32265200
2024-12-20,252.8743896484375,224.9199981689453,190.41542053222656,253.3811464831127,226.2100067138672,191.88772607244653,244.13025293349912,218.72999572753906,184.25758188521124,246.4653249902114,219.83999633789062,184.8146696474835,147495300,88279200,63462900
2024-12-23,253.64942932128906,225.05999755859375,193.61871337890625,254.02700659111463,226.8800048828125,194.0862724877592,251.84097626600598,223.89999389648438,189.16198039152084,253.15260355822258,225.00999450683594,191.61914756204428,40858800,28070000,25675000
2024-12-24,256.56085205078125,229.0500030517578,195.09100341796875,256.5707679464462,229.13999938964844,195.09100341796875,253.6693071300515,226.1300048828125,192.7731083908338,253.86804957710976,226.94000244140625,193.82759815006608,23234700,15007500,10403300
2024-12-26,257.3755798339844,227.0500030517578,194.5836639404297,258.44874034869076,228.5,195.7276824419866,255.99442012888886,226.6699981689453,193.37000187433253,256.55086249805703,228.5,194.1359900072514,27237100,16146700,12046600
2024-12-27,253.96739196777344,223.75,191.7583770751953,257.05766400729357,226.02999877929688,194.30508758122627,251.45345479939442,220.89999389648438,189.65934042755555,256.19316170058187,225.60000610351562,193.9369998492268,42355300,27367100,18891400
2024-12-30,250.59889221191406,221.3000030517578,190.24632263183594,251.8906421270002,223.0,191.54951344453465,249.15810064436016,218.42999267578125,188.13732782747584,250.6287005424076,220.05999755859375,188.81380244155494,35557500,28321200,14264700
2024-12-31,248.8302001953125,219.38999938964844,188.31639099121094,251.6720440162376,223.22999572753906,190.96257314438756,247.84647977817443,218.94000244140625,187.53048736926948,250.83738041728796,222.97000122070312,190.08714080992223,39480700,24819700,17466900
